,data,freq
0,?,777
1,",",376
2,.,286
3,yg,203
4,..,195
5,...,123
6,di,119
7,!,104
8,dan,98
9,<,93
10,USERNAME,93
11,>,93
12,nya,81
13,ya,78
14,ga,73
15,dia,70
16,aja,66
17,sama,64
18,gak,58
19,ini,57
20,ada,55
21,itu,55
22,yang,54
23,anak,46
24,banget,45
25,orang,42
26,org,42
27,si,41
28,....,36
29,jadi,35
30,apa,35
31,bgt,34
32,jd,34
33,artis,34
34,juga,32
35,buat,31
36,kaya,31
37,cantik,30
38,udah,29
39,lagi,28
40,bisa,28
41,klo,28
42,sm,27
43,suka,27
44,punya,26
45,baik,26
46,kalo,26
47,sih,25
48,suami,25
49,saya,25
50,selalu,25
51,ke,24
52,'',24
53,lu,24
54,tau,23
55,jg,23
56,mba,23
57,ibu,23
58,udh,22
59,kan,22
60,semoga,22
61,Allah,22
62,istri,22
63,n,22
64,pake,21
65,biar,21
66,lebih,21
67,deh,21
68,lah,20
69,keluarga,20
70,Semoga,20
71,mbak,19
72,laki,19
73,mau,19
74,nikah,19
75,bukan,19
76,sok,19
77,sangat,19
78,kita,19
79,pelakor,19
80,ama,19
81,tp,18
82,lo,17
83,lg,17
84,skrg,17
85,manusia,17
86,dari,17
87,sendiri,17
88,perempuan,17
89,kok,16
90,kali,16
91,ayu,16
92,banyak,16
93,ganteng,16
94,suaranya,16
95,bilang,15
96,tuh,15
97,anaknya,15
98,becus,15
99,d,15
100,gitu,15
101,atau,15
102,mereka,15
103,dunia,15
104,mah,15
105,tapi,14
106,malah,14
107,baru,14
108,biasa,14
109,jangan,14
110,gw,14
111,gue,14
112,dengan,13
113,semua,13
114,pasti,13
115,bikin,13
116,masih,13
117,dr,13
118,ny,13
119,ni,13
120,y,13
121,bagus,13
122,cuma,13
123,sehat,13
124,pada,12
125,otak,12
126,liat,12
127,pernah,12
128,att,12
129,bahagia,12
130,menjadi,12
131,bener,11
132,bego,11
133,jaman,11
134,aku,11
135,dasar,11
136,muda,11
137,jelek,11
138,kayak,11
139,tu,11
140,jevin,11
141,aurel,11
142,diri,10
143,kek,10
144,krn,10
145,mana,10
146,nih,10
147,siapa,10
148,akan,10
149,ma,10
150,aj,10
151,sampe,10
152,ngomong,10
153,dong,10
154,mukanya,10
155,bs,10
156,&,10
157,gk,9
158,(,9
159,emang,9
160,malu,9
161,yaa,9
162,tidak,9
163,gini,9
164,g,9
165,dlm,9
166,tenar,9
167,paling,9
168,kampungan,9
169,lain,9
170,keren,9
171,Cantik,9
172,dgn,8
173,kalau,8
174,harus,8
175,buruk,8
176,:,8
177,micin,8
178,iya,8
179,Yg,8
180,hidup,8
181,suara,8
182,nanti,8
183,Dan,8
184,karena,8
185,dah,8
186,laku,8
187,jgn,8
188,Ga,8
189,komen,8
190,sukses,8
191,kyk,8
192,Bagus,8
193,pas,8
194,kl,8
195,pasangan,8
196,dy,8
197,padahal,7
198,loh,7
199,kami,7
200,bodoh,7
201,now,7
202,liatnya,7
203,yah,7
204,makin,7
205,macam,7
206,mulu,7
207,muka,7
208,lonte,7
209,banci,7
210,gua,7
211,gt,7
212,jelas,7
213,lihat,7
214,nagita,7
215,untuk,7
216,cocok,7
217,bngt,7
218,via,7
219,penting,7
220,amat,7
221,dulu,7
222,Ini,7
223,nyanyi,7
224,bangga,7
225,kamu,7
226,trs,7
227,dri,7
228,jijik,7
229,rumah,7
230,Ya,7
231,min,7
232,karna,7
233,enji,7
234,bapak,7
235,blm,7
236,langsung,7
237,sayang,7
238,kasih,7
239,kak,7
240,lancar,7
241,pak,7
242,Keren,7
243,langgeng,7
244,depe,7
245,terus,6
246,gimana,6
247,namanya,6
248,Artis,6
249,balajaer,6
250,lagu,6
251,pny,6
252,sah,6
253,menurut,6
254,adanya,6
255,mas,6
256,yak,6
257,eh,6
258,kata,6
259,),6
260,2,6
261,kalian,6
262,Dasar,6
263,Tuhan,6
264,ttp,6
265,asli,6
266,tetep,6
267,cowok,6
268,cewe,6
269,pengen,6
270,trus,6
271,jdi,6
272,cara,6
273,hatinya,6
274,putus,6
275,wajar,6
276,begini,6
277,usah,6
278,yakin,6
279,kenapa,6
280,Ibu,6
281,seperti,6
282,msh,6
283,hati,6
284,hamil,6
285,Indonesia,6
286,jodoh,6
287,semakin,6
288,ngga,6
289,bunda,6
290,saat,6
291,bpk,6
292,salam,6
293,the,6
294,rini,6
295,',5
296,cowo,5
297,ajah,5
298,sensasi,5
299,tolol,5
300,benci,5
301,tdk,5
302,janda,5
303,hanya,5
304,makeup,5
305,Emang,5
306,hal,5
307,``,5
308,bnyk,5
309,coba,5
310,lbh,5
311,emg,5
312,munafik,5
313,loe,5
314,dg,5
315,sampah,5
316,mirip,5
317,bencong,5
318,Orang,5
319,akhirat,5
320,orng,5
321,Wah,5
322,umur,5
323,Yang,5
324,bakal,5
325,dewasa,5
326,nyinyir,5
327,sudah,5
328,pdhl,5
329,mulutnya,5
330,.....,5
331,curhat,5
332,otaknya,5
333,netizen,5
334,sosmed,5
335,agnes,5
336,pinter,5
337,tua,5
338,drpd,5
339,Jadi,5
340,hehe,5
341,Dia,5
342,Gue,5
343,plagiat,5
344,yaaa,5
345,tangga,5
346,berani,5
347,#,5
348,lama,5
349,gigi,5
350,pesawat,5
351,akun,5
352,kangen,5
353,keliatan,5
354,Ganteng,5
355,nonton,5
356,mata,5
357,wanita,5
358,dapet,5
359,sekali,5
360,enak,5
361,sabar,5
362,sedih,5
363,waktu,5
364,bu,5
365,dewi,5
366,mb,5
367,radhini,5
368,kandung,5
369,Gak,4
370,tata,4
371,ertong,4
372,Kasian,4
373,toh,4
374,sakit,4
375,ig,4
376,lama2,4
377,berarti,4
378,bela,4
379,indonesia,4
380,panutan,4
381,pacar,4
382,kebanyakan,4
383,ciuman,4
384,suci,4
385,adalah,4
386,rasa,4
387,kliatan,4
388,ampun,4
389,baju,4
390,ank,4
391,cucu,4
392,luar,4
393,gila,4
394,mulut,4
395,sekolah,4
396,LO,4
397,ketemu,4
398,Saya,4
399,Anak,4
400,babi,4
401,busuk,4
402,gatel,4
403,cewek,4
404,hidupnya,4
405,laki2,4
406,gtu,4
407,nama,4
408,cepat,4
409,nilai,4
410,jga,4
411,ngatain,4
412,nyadar,4
413,mungkin,4
414,goblok,4
415,elu,4
416,main,4
417,dpt,4
418,apalagi,4
419,video,4
420,oplas,4
421,sana,4
422,sini,4
423,jujur,4
424,satu,4
425,kasian,4
426,abal,4
427,kere,4
428,dukun,4
429,perebut,4
430,karma,4
431,mu,4
432,sprti,4
433,hitam,4
434,putih,4
435,bawa2,4
436,ting,4
437,ceramah,4
438,terlihat,4
439,CINLOK,4
440,1,4
441,kenal,4
442,lucu,4
443,milih,4
444,percaya,4
445,masa,4
446,daripada,4
447,kador,4
448,Lo,4
449,mulan,4
450,swt,4
451,sirik,4
452,nyonyiah,4
453,jawab,4
454,sdh,4
455,tolong,4
456,sesuai,4
457,perlu,4
458,Coba,4
459,Pernah,4
460,suaminya,4
461,happy,4
462,wajahnya,4
463,dlu,4
464,hamish,4
465,Salut,4
466,Semangat,4
467,mbk,4
468,sukak,4
469,hebat,4
470,dalam,4
471,amin,4
472,Sehat,4
473,syg,4
474,Mbak,4
475,calon,4
476,slalu,4
477,Tapi,4
478,apapun,4
479,ia,4
480,nyaa,4
481,hubungan,3
482,asal,3
483,ntar,3
484,kmrn,3
485,cari,3
486,berkualitas,3
487,perasaan,3
488,jiwa,3
489,knp,3
490,ky,3
491,lakinya,3
492,para,3
493,demi,3
494,laknat,3
495,kelakuan,3
496,pd,3
497,besar,3
498,Lebih,3
499,agama,3
500,islam,3
501,saksi,3
502,emak,3
503,Udh,3
504,Situ,3
505,Kids,3
506,Jijik,3
507,MALU,3
508,lho,3
509,dijaga,3
510,zaman,3
511,Gua,3
512,ih,3
513,ribut,3
514,Mending,3
515,dek,3
516,wkwkwk,3
517,supaya,3
518,smpe,3
519,anjing,3
520,sebagai,3
521,bawa,3
522,gaya,3
523,ANJING,3
524,Jgn,3
525,marah,3
526,pemimpin,3
527,ORANG,3
528,Udah,3
529,hormat,3
530,PELAKOR,3
531,YA,3
532,GAK,3
533,Ah,3
534,dikit,3
535,kegatelan,3
536,Si,3
537,emas,3
538,Mau,3
539,istrinya,3
540,blg,3
541,surga,3
542,smoga,3
543,diluar,3
544,selamat,3
545,telah,3
546,gagal,3
547,rmh,3
548,nggak,3
549,a,3
550,status,3
551,dese,3
552,nyinyirin,3
553,parah,3
554,media,3
555,km,3
556,ampe,3
557,norak,3
558,memang,3
559,situ,3
560,maju,3
561,beda,3
562,emng,3
563,hahaha,3
564,Biar,3
565,Via,3
566,Duh,3
567,Mba,3
568,salah,3
569,kaga,3
570,foto,3
571,dn,3
572,sumpah,3
573,model,3
574,begitu,3
575,ko,3
576,mencari,3
577,tak,3
578,duit,3
579,minta,3
580,amit,3
581,mewah,3
582,japok,3
583,uda,3
584,mamad,3
585,cerita,3
586,ARTIS,3
587,AJA,3
588,NYA,3
589,DI,3
590,Kalau,3
591,Klo,3
592,bully,3
593,mecin,3
594,seolah,3
595,sma,3
596,fans,3
597,buluk,3
598,sekarang,3
599,MBA,3
600,KAN,3
601,BILANG,3
602,masyarakat,3
603,AGAMA,3
604,lakik,3
605,lainnya,3
606,naik,3
607,Kalo,3
608,bakalan,3
609,baca,3
610,jaer,3
611,bini,3
612,ibarat,3
613,ksh,3
614,Dari,3
615,BANGET,3
616,awal,3
617,dirinya,3
618,kampung,3
619,mak,3
620,beneran,3
621,Masa,3
622,kecil,3
623,gede,3
624,terkenal,3
625,saja,3
626,sombong,3
627,allah,3
628,sist,3
629,cireng,3
630,ngaku,3
631,bunmai,3
632,Tp,3
633,urusan,3
634,Jangan,3
635,pakai,3
636,pribadi,3
637,amora,3
638,ikut,3
639,KD,3
640,dengar,3
641,*,3
642,acara,3
643,segala,3
644,insya,3
645,Suka,3
646,celine,3
647,raisa,3
648,sempurna,3
649,presiden,3
650,tanpa,3
651,Bangga,3
652,hari,3
653,pun,3
654,Amin,3
655,Beruntung,3
656,sholeh,3
657,Terima,3
658,agar,3
659,bangsa,3
660,generasi,3
661,Bu,3
662,berkarya,3
663,kerja,3
664,bang,3
665,aslinya,3
666,natural,3
667,berbakat,3
668,bnr,3
669,Alhamdulillah,3
670,Kereeen,3
671,yes,3
672,anak2,3
673,neko2,3
674,cakep,3
675,menikah,3
676,samawa,3
677,salut,3
678,lagunya,3
679,protes,3
680,mami,3
681,bella,3
682,terbaik,3
683,remix,3
684,'15,3
685,pcrn,3
686,'16,3
687,bulan,3
688,Ibel,3
689,ramah,3
690,Malah,3
691,datang,3
692,Mungkin,3
693,rejeki,3
694,gojek,3
695,hijab,2
696,balikan,2
697,ditinggal,2
698,Kmrn,2
699,kya,2
700,abege,2
701,ato,2
702,top,2
703,Itu,2
704,seseorang,2
705,boleh,2
706,haters,2
707,permpuan,2
708,ja,2
709,tinggalin,2
710,mikir,2
711,ngurus,2
712,nyampah,2
713,caption,2
714,heboh,2
715,asik,2
716,ketika,2
717,koin,2
718,ngamuk,2
719,smua,2
720,mati2an,2
721,rakyat,2
722,sopan,2
723,murahan,2
724,berkelas,2
725,etika,2
726,ancur,2
727,merdu,2
728,tukang,2
729,5,2
730,syarat,2
731,pernikahan,2
732,tersebut,2
733,maka,2
734,pernikahannya,2
735,gatau,2
736,ngerebut,2
737,abang,2
738,jeleknya,2
739,Bego,2
740,alim,2
741,masalah,2
742,disini,2
743,mgkn,2
744,Mereka,2
745,berteman,2
746,bibir,2
747,musuh,2
748,jaga,2
749,ucapan,2
750,lahh,2
751,kelebihan,2
752,upil,2
753,mencerminkan,2
754,sebenarnya,2
755,Kesian,2
756,jual,2
757,taik,2
758,nyari,2
759,uang,2
760,anjir,2
761,Dlu,2
762,goyang,2
763,dada,2
764,moral,2
765,dangdut,2
766,nonjolin,2
767,Najis,2
768,najis,2
769,akhlak,2
770,bkn,2
771,dh,2
772,hahahahahaha,2
773,Oplas,2
774,dipermak,2
775,BANCI,2
776,Org,2
777,sederhana,2
778,belepotan,2
779,makan,2
780,TAIK,2
781,penuh,2
782,kbanyakan,2
783,SIH,2
784,ogah,2
785,mentang2,2
786,terlalu,2
787,hukum,2
788,Manusia,2
789,orang2,2
790,bangsat,2
791,sumpel,2
792,timah,2
793,panas,2
794,congor,2
795,pesek,2
796,rupa,2
797,lumayan,2
798,RATU,2
799,LONTE,2
800,PUNYA,2
801,NGERASA,2
802,mahhhh,2
803,buah,2
804,manda,2
805,tante,2
806,berapa,2
807,Jujur,2
808,ustad,2
809,krna,2
810,poligami,2
811,masuk,2
812,Yaa,2
813,mendapat,2
814,bnget,2
815,alasan,2
816,pikir,2
817,pintar,2
818,pintu,2
819,rejekimu,2
820,kau,2
821,Smua,2
822,M,2
823,makanya,2
824,sama2,2
825,b,2
826,depan,2
827,pemikiran,2
828,eehhh,2
829,tante/ibu/oma/empo,2
830,picik,2
831,manusi,2
832,larangan,2
833,larang,2
834,ngungkapin,2
835,unek2,2
836,stupid,2
837,human,2
838,Heran,2
839,baperan,2
840,baper,2
841,an,2
842,kyak,2
843,hak,2
844,instagram,2
845,s,2
846,Nyindir,2
847,netijen,2
848,goblog,2
849,banyakan,2
850,masyako,2
851,didik,2
852,dibenci,2
853,kerudung,2
854,Hahahaha,2
855,ayem,2
856,diliat,2
857,dikasih,2
858,contoh,2
859,better,2
860,la,2
861,class,2
862,ngak,2
863,belakangan,2
864,dipiara,2
865,Ko,2
866,indo,2
867,beginian,2
868,kn,2
869,kitu,2
870,wkwkwkwkw,2
871,karya,2
872,apaan,2
873,youtube,2
874,penghasilan,2
875,bayar,2
876,pautin,2
877,sblm,2
878,aneh,2
879,and,2
880,Norak,2
881,pngn,2
882,cuman,2
883,doang,2
884,Jedun,2
885,terhormat,2
886,menjaga,2
887,hrsnya,2
888,modal,2
889,instastory,2
890,emaknya,2
891,Hahaha,2
892,sadar,2
893,enggk,2
894,layar,2
895,kaca,2
896,Enggk,2
897,Miskin,2
898,maen,2
899,k,2
900,elmu,2
901,pelet,2
902,Jauh,2
903,mlh,2
904,walaupun,2
905,ciptaan,2
906,bener2,2
907,kuping,2
908,pacarnya,2
909,yaelah,2
910,drama,2
911,anda,2
912,justru,2
913,APAAN,2
914,SAMA,2
915,Punya,2
916,pantes,2
917,pertamanya,2
918,one,2
919,masak,2
920,bajunya,2
921,rusak,2
922,govlok,2
923,rebut,2
924,fikir,2
925,billy,2
926,KALAU,2
927,JANGAN,2
928,kuin,2
929,kenyataan,2
930,KATANYA,2
931,KUAT,2
932,muljem,2
933,tega,2
934,valakor,2
935,JIJIK,2
936,dapat,2
937,setelah,2
938,mantan,2
939,jet,2
940,bodong,2
941,Wkwkwkwk,2
942,swamik,2
943,pertama,2
944,Bakalan,2
945,rezeki,2
946,Emg,2
947,depok,2
948,Pinter,2
949,sorry,2
950,bala,2
951,bukti,2
952,ku,2
953,rusuh,2
954,hartis,2
955,tanggung,2
956,Ayu,2
957,sampek,2
958,bahas,2
959,ambil,2
960,lalu,2
961,prempuan,2
962,baik2,2
963,berjilbab,2
964,kelas,2
965,songong,2
966,wkwk,2
967,gimik,2
968,hujad,2
969,publik,2
970,single,2
971,harga,2
972,Susah,2
973,maling,2
974,ngaca,2
975,abis,2
976,maluin,2
977,texas,2
978,py,2
979,tanya,2
980,setuju,2
981,nanya,2
982,Eh,2
983,keras,2
984,numpang,2
985,didepan,2
986,AMIT,2
987,maya,2
988,@,2
989,w.lina2706,2
990,jongos,2
991,tetehlu,2
992,udeh,2
993,Dr,2
994,haha,2
995,Mulan,2
996,jameela,2
997,menjijikkan,2
998,bersama,2
999,maia,2
1000,kelihatan,2
1001,inget,2
1002,comment,2
1003,brp,2
1004,medsos,2
1005,ibadah,2
1006,arti,2
1007,besok,2
1008,attitude,2
1009,ketauan,2
1010,pula,2
1011,kurang,2
1012,bangt,2
1013,live,2
1014,dikomen,2
1015,kluarga,2
1016,Kampungan,2
1017,dipamer,2
1018,mbaknya,2
1019,kellen,2
1020,dateng,2
1021,posting,2
1022,joget2,2
1023,bening,2
1024,sekeluarga,2
1025,ngefans,2
1026,untung,2
1027,lebay,2
1028,umbar,2
1029,up,2
1030,fokus,2
1031,jengkel,2
1032,dosa,2
1033,pandangan,2
1034,terhadap,2
1035,Karna,2
1036,setan,2
1037,pekerjaan,2
1038,ngapain,2
1039,aura,2
1040,positifnya,2
1041,bulu,2
1042,atas,2
1043,gada,2
1044,kisah,2
1045,pepatah,2
1046,trllu,2
1047,mawaddah,2
1048,memisahkan,2
1049,sampai,2
1050,terharu,2
1051,pilih,2
1052,Lucu,2
1053,stefan,2
1054,tinggi,2
1055,super,2
1056,Raisa,2
1057,seumurannya,2
1058,beruntung,2
1059,so,2
1060,warahmah,2
1061,menonjolkan,2
1062,dandan,2
1063,utk,2
1064,Yaampun,2
1065,good,2
1066,kuliah,2
1067,dekat,2
1068,setiap,2
1069,kesalahan,2
1070,tahun,2
1071,knl,2
1072,korban,2
1073,terpancar,2
1074,of,2
1075,you,2
1076,bless,2
1077,Kereenn,2
1078,niki,2
1079,orangnya,2
1080,maaf,2
1081,dilihat,2
1082,alami,2
1083,gagah,2
1084,mudahan,2
1085,penampilannya,2
1086,Mukanya,2
1087,cantikk,2
1088,lcb,2
1089,duren,2
1090,keluarganya,2
1091,fisik,2
1092,idaman,2
1093,memimpin,2
1094,lembut,2
1095,tpi,2
1096,kel,2
1097,lindungan,2
1098,SWT,2
1099,Smg,2
1100,berikan,2
1101,kesehatan,2
1102,Plataran,2
1103,menunggu,2
1104,program,2
1105,R80,2
1106,Habibie,2
1107,eyang,2
1108,melakukan,2
1109,Ani,2
1110,cucu2,2
1111,tercinta,2
1112,menemani,2
1113,beliau,2
1114,memberikan,2
1115,belajar,2
1116,Keluarga,2
1117,membahagiakan,2
1118,melihat,2
1119,perilaku,2
1120,sungguh,2
1121,memo,2
1122,pepo,2
1123,melindungi,2
1124,hihi,2
1125,ortu,2
1126,ditanya,2
1127,Go,2
1128,ajalah,2
1129,pergaulan,2
1130,ngeh,2
1131,it,2
1132,karo,2
1133,penyanyi,2
1134,beberapa,2
1135,nasib,2
1136,saking,2
1137,masyaallah,2
1138,bakat,2
1139,+,2
1140,dandannya,2
1141,santai,2
1142,Nah,2
1143,Rini,2
1144,Suaminya,2
1145,swett,2
1146,Selamat,2
1147,persalinannya,2
1148,wkt,2
1149,hbs,2
1150,bahkan,2
1151,lakukan,2
1152,lahiran,2
1153,engga,2
1154,Bunda,2
1155,puyeng,2
1156,Padahal,2
1157,nia,2
1158,betul,2
1159,ariel,2
1160,kharisma,2
1161,lelaki,2
1162,entah,2
1163,meski,2
1164,usaha,2
1165,go,2
1166,klau,2
1167,enakk,2
1168,ka,2
1169,Mami,2
1170,babang,2
1171,setia,2
1172,ibuku,2
1173,pilihan,2
1174,Cewenya,2
1175,senyumnya,2
1176,manis,2
1177,mh,2
1178,'itu,2
1179,final,2
1180,feb,2
1181,'17,2
1182,mei,2
1183,in,2
1184,plan,2
1185,neko,2
1186,kakaknya,2
1187,nikahnya,2
1188,Amel,2
1189,oma,2
1190,dilancarkan,2
1191,momongan,2
1192,dokter,2
1193,best,2
1194,Ashanti,2
1195,sambung,2
1196,azriel,2
1197,tentu,2
1198,tv,2
1199,tiri,2
1200,yh,2
1201,Aurel,2
1202,perawatan,2
1203,tutup,2
1204,belum,2
1205,ingat,2
1206,lancarkan,2
1207,sj,2
1208,kelak,2
1209,Nya,2
1210,bertanggung,2
1211,komunikasi,2
1212,mkn,2
1213,berjuang,2
1214,lapangan,2
1215,sesembaknya,2
1216,TOLOL,1
1217,keguguran,1
1218,syar,1
1219,i,1
1220,bayi,1
1221,kepanasan,1
1222,didalem,1
1223,woyyyy,1
1224,Otak,1
1225,jempol,1
1226,singkron,1
1227,jadinya,1
1228,nulis,1
1229,komentar,1
1230,Geblek,1
1231,dibela2in,1
1232,hadeww,1
1233,nyalahin,1
1234,kitenya,1
1235,oon,1
1236,termewek2,1
1237,skr,1
1238,lengket,1
1239,duhhh,1
1240,labil,1
1241,markotoppp,1
1242,Intinya,1
1243,kesel,1
1244,ATT,1
1245,gausah,1
1246,perkembangan,1
1247,psikis,1
1248,kedepannya,1
1249,seandainya,1
1250,dikatain,1
1251,Benci,1
1252,batesnya,1
1253,gaakan,1
1254,penyuka,1
1255,hadewwwww,1
1256,peran,1
1257,utama,1
1258,film,1
1259,hantu,1
1260,jeruk,1
1261,purut,1
1262,khabisan,1
1263,stok,1
1264,Pantesan,1
1265,perempuannya,1
1266,kayagni,1
1267,Ngurus,1
1268,mending,1
1269,bapake,1
1270,didiknya,1
1271,kebiasaan,1
1272,suka2,1
1273,ceramahin,1
1274,ig.tar,1
1275,bikinin,1
1276,teh,1
1277,melly,1
1278,berjudul,1
1279,bersabda,1
1280,seonggak,1
1281,nya.balajaer,1
1282,mengiyakan,1
1283,penggoda,1
1284,rt,1
1285,gigi.duh,1
1286,elah,1
1287,kale,1
1288,biduan,1
1289,apa.minus,1
1290,segala2nya,1
1291,sebagian,1
1292,Tdk,1
1293,membedakan,1
1294,Sdh,1
1295,prilaku,1
1296,santun,1
1297,dipilih,1
1298,mengidolakan,1
1299,ber,1
1300,kpn,1
1301,laginya,1
1302,Anyiennnnggg,1
1303,Suaranya,1
1304,gorengan,1
1305,Syarat,1
1306,yaitu,1
1307,CPP,1
1308,CPW,1
1309,wali,1
1310,kawin/mahar,1
1311,Perkara,1
1312,manglingi,1
1313,Sekalipun,1
1314,terpenuhi,1
1315,SAH,1
1316,julids,1
1317,Cewek,1
1318,ngedukung,1
1319,sifat,1
1320,Ckck,1
1321,Mna,1
1322,ngina,1
1323,dipelihara,1
1324,suer,1
1325,minceeee,1
1326,tabu,1
1327,eneg,1
1328,PENCITRAAN,1
1329,bijak,1
1330,lainya,1
1331,Seandainya,1
1332,pencitraan,1
1333,Bukan,1
1334,serius,1
1335,1.,1
1336,dpn,1
1337,SEHARUSNYA,1
1338,kecuali,1
1339,mabok,1
1340,Helooow,1
1341,sebuah,1
1342,pertemanan,1
1343,melibatkan,1
1344,BIBIR,1
1345,bayangin,1
1346,sanggup,1
1347,TEMAN,1
1348,teman,1
1349,Kelakuan,1
1350,Anjing,1
1351,dmana2,1
1352,mna,1
1353,byk,1
1354,ahhh,1
1355,katanya,1
1356,ngk,1
1357,betina,1
1358,ellu,1
1359,yangg,1
1360,selangkangan,1
1361,paham,1
1362,ampunin,1
1363,kemunafikan,1
1364,cun,1
1365,naruto,1
1366,kata2nya,1
1367,pecun.,1
1368,pengalaman,1
1369,prihatin,1
1370,Mati,1
1371,Ngotorin,1
1372,kau.,1
1373,Cuman,1
1374,goyangan,1
1375,segitunya,1
1376,tontonan,1
1377,bermutu,1
1378,inul,1
1379,ngebor,1
1380,ketat,1
1381,dcekal,1
1382,Hrs,1
1383,sgja,1
1384,sbrpa,1
1385,Mrsk,1
1386,nnton,1
1387,bawaannya,1
1388,nafsu,1
1389,Pnyanyi,1
1390,bgini,1
1391,homo,1
1392,harusnya,1
1393,musnahkan,1
1394,bumi,1
1395,Haduuh,1
1396,bangeg,1
1397,kerjaan,1
1398,berantem,1
1399,musuhnya,1
1400,S,1
1401,ngjak,1
1402,Kayak,1
1403,nenek2,1
1404,Mw,1
1405,operasi,1
1406,mua,1
1407,mingkem,1
1408,jahatnya,1
1409,akuuu,1
1410,Walaupun,1
1411,ATAU,1
1412,sekalipun,1
1413,POKOKNYA,1
1414,MUKANYA,1
1415,TEGANG,1
1416,KEK,1
1417,UDAH,1
1418,SEKIAN,1
1419,molen,1
1420,biarpun,1
1421,cuantik,1
1422,rombeng.menjijikan,1
1423,gay,1
1424,HITZ,1
1425,cri,1
1426,rela,1
1427,dipenjara,1
1428,Cari,1
1429,settingan,1
1430,beken,1
1431,hina2,1
1432,astagfirullah,1
1433,Sekaya,1
1434,Cowok,1
1435,cuihhh,1
1436,berkoar,1
1437,ping,1
1438,sedunia,1
1439,malahn,1
1440,berperilaku,1
1441,memamerkan,1
1442,kekayaan,1
1443,mampus,1
1444,harta,1
1445,kagak,1
1446,mati,1
1447,pants,1
1448,buang,1
1449,laut,1
1450,anehhh,1
1451,banya,1
1452,folowers,1
1453,kalee,1
1454,darar,1
1455,setres,1
1456,kamfungan,1
1457,kebanyakAN,1
1458,OTAKnya,1
1459,berfikir,1
1460,positif,1
1461,berbicara,1
1462,BERMORAL,1
1463,kaum2,1
1464,LAKNAT,1
1465,BURIT,1
1466,Stres,1
1467,MANUSIA,1
1468,JUMPA,1
1469,Sikat,1
1470,abiss,1
1471,orng2,1
1472,sialan,1
1473,Pemimpin,1
1474,negara,1
1475,hormatin,1
1476,Bapak,1
1477,President,1
1478,sembarangin,1
1479,hina,1
1480,harap,1
1481,segera,1
1482,tindak,1
1483,iniÖ,1
1484,tingkah,1
1485,Mudah2an,1
1486,secepatnya,1
1487,tidur,1
1488,selamanya,1
1489,WONG,1
1490,EDAN,1
1491,NIH,1
1492,UDH,1
1493,MAKAN,1
1494,UANG,1
1495,RAKYAT,1
1496,TIDUR,1
1497,PULA,1
1498,matinya,1
1499,apain,1
1500,Sakit,1
1501,nurani,1
1502,urat,1
1503,malunya,1
1504,Pajak,1
1505,ngegaji,1
1506,modar,1
1507,Pengen,1
1508,Hey,1
1509,keriting.pengen,1
1510,penggal,1
1511,leher,1
1512,makanan,1
1513,buaya,1
1514,SEJAGAT,1
1515,RAYA,1
1516,DIMANA2,1
1517,YG,1
1518,DISINI,1
1519,TOLONG,1
1520,DIKIT,1
1521,pertemuan,1
1522,ranum,1
1523,manah,1
1524,mentok2nya,1
1525,liyat,1
1526,lgsg,1
1527,disosor,1
1528,Begok,1
1529,aje,1
1530,amanda,1
1531,boros,1
1532,cabe,1
1533,kgk,1
1534,haltis,1
1535,Astagah,1
1536,demen,1
1537,dekil,1
1538,kumel,1
1539,Ibaratnya,1
1540,turun,1
1541,Nagita,1
1542,barlen,1
1543,Alah,1
1544,Sama,1
1545,bejat,1
1546,Aku,1
1547,stju,1
1548,ustazah,1
1549,Msuk,1
1550,bkan,1
1551,Msh,1
1552,sna,1
1553,azab,1
1554,diampuni,1
1555,Gilaaaaa,1
1556,gatal,1
1557,berpoligami,1
1558,woiii,1
1559,haduh,1
1560,menguji,1
1561,kesetiaan,1
1562,nafsunya,1
1563,Menyakiti,1
1564,sja,1
1565,menutup,1
1566,korbankan,1
1567,Sbg,1
1568,seorg,1
1569,imam,1
1570,mmpertahankan,1
1571,tangganya,1
1572,mencoreng,1
1573,sndiri,1
1574,Biasalah,1
1575,barang,1
1576,ngembat,1
1577,GATEL,1
1578,wes,1
1579,ilfil,1
1580,caption/ig,1
1581,story,1
1582,ngomongin,1
1583,mlu,1
1584,ambigu,1
1585,c.,1
1586,zholimi,1
1587,salahinnya,1
1588,lawan,1
1589,ngmg,1
1590,ah,1
1591,udin,1
1592,muak,1
1593,kabar,1
1594,sering,1
1595,pemujanya,1
1596,bukannya,1
1597,gotong,1
1598,royong,1
1599,nasehatin,1
1600,menggila,1
1601,muja,1
1602,mojokin,1
1603,viaa,1
1604,Dese,1
1605,keles,1
1606,ahh,1
1607,duh,1
1608,pdhal,1
1609,sosial,1
1610,ortunya,1
1611,heran,1
1612,dirugikan,1
1613,junjunganny,1
1614,Knp,1
1615,cuihh,1
1616,Belajaer,1
1617,sebegitunya,1
1618,manusah2,1
1619,begoh,1
1620,kampyuung,1
1621,adem,1
1622,isyana,1
1623,agnezmo,1
1624,liaaat,1
1625,telaah,1
1626,jawabannya,1
1627,high,1
1628,komenmu,1
1629,beda2,1
1630,temen,1
1631,mikirnya,1
1632,curh,1
1633,kontra,1
1634,postingan,1
1635,bakajaer,1
1636,mba/mas,1
1637,Ih,1
1638,Lol,1
1639,prestasi,1
1640,isi,1
1641,jatoh,1
1642,mo,1
1643,penghargaan,1
1644,am,1
1645,Munafik,1
1646,keleusss,1
1647,wkkwkww,1
1648,La,1
1649,Lbh,1
1650,.wawan,1
1651,zzzzz,1
1652,tmn,1
1653,Dikit,1
1654,Lemes,1
1655,Berani,1
1656,lewat,1
1657,ststus,1
1658,tulisannya,1
1659,sengaja,1
1660,kebaca,1
1661,takut,1
1662,labrak,1
1663,Mmmm,1
1664,jawa,1
1665,timur,1
1666,begok,1
1667,nunjukin,1
1668,karyanya,1
1669,Karya,1
1670,Tolol,1
1671,fansnya,1
1672,nantangin,1
1673,alay,1
1674,jablay,1
1675,yutub,1
1676,Aplikasi,1
1677,Sy,1
1678,taunya,1
1679,seseorg,1
1680,satunya,1
1681,Mreka,1
1682,ntn,1
1683,mreka,1
1684,Sekolah,1
1685,Generasi,1
1686,gangerti,1
1687,vallen,1
1688,apalah,1
1689,disangkut,1
1690,Fansnya,1
1691,sangkut,1
1692,lama-lama,1
1693,gerah,1
1694,bagusan,1
1695,sesudah,1
1696,dioplas,1
1697,kyknya,1
1698,oplasnya,1
1699,Noraaak,1
1700,abiiis,1
1701,Baru,1
1702,kebeli,1
1703,az,1
1704,pamer,1
1705,aplg,1
1706,mainan,1
1707,berlian,1
1708,ciiinnnnn,1
1709,Before,1
1710,after,1
1711,pasca,1
1712,ngefek,1
1713,serem,1
1714,ahahahhaha,1
1715,Salfok,1
1716,Failed,1
1717,Kegaet,1
1718,penjahat,1
1719,philipine,1
1720,perusak,1
1721,liatnya.ckp,1
1722,ngetop,1
1723,lwt,1
1724,nitezerrre,1
1725,ngarep,1
1726,bingung,1
1727,rebutan,1
1728,ngeliput,1
1729,Kayaknya,1
1730,net,1
1731,informasi,1
1732,waras,1
1733,Bukankah,1
1734,cerdas,1
1735,menghindari,1
1736,narkoba,1
1737,bgni,1
1738,gosong,1
1739,abu,1
1740,kebakaran,1
1741,pabrik,1
1742,viral,1
1743,bnr2,1
1744,slain,1
1745,brguna,1
1746,gda,1
1747,cm,1
1748,ngangkang,1
1749,gebet,1
1750,btw,1
1751,nyindir,1
1752,sesebini,1
1753,ehhh,1
1754,at,1
1755,least,1
1756,prewi,1
1757,cuii,1
1758,buktinya,1
1759,bejibun,1
1760,pro,1
1761,bapaknya,1
1762,perem,1
1763,dikata,1
1764,ente,1
1765,cuy,1
1766,makrum,1
1767,ngrebut,1
1768,Eeee,1
1769,pelacur,1
1770,brempuan,1
1771,Becus,1
1772,Edeuuuuuh,1
1773,Biarin,1
1774,puas,1
1775,puasin,1
1776,mumpung,1
1777,deseu,1
1778,brasa,1
1779,Ntar,1
1780,nyaho,1
1781,Karma,1
1782,contohin,1
1783,BECUS,1
1784,Amit,1
1785,Kaya,1
1786,yng,1
1787,sukanya,1
1788,heheh,1
1789,jedun,1
1790,bisanya,1
1791,ngerusak,1
1792,kbhgiaan,1
1793,.mau,1
1794,serba,1
1795,krja,1
1796,morotin,1
1797,psti,1
1798,akn,1
1799,mnghampirimu,1
1800,Idupnya,1
1801,hasil,1
1802,wkwkwkwk,1
1803,dwngerin,1
1804,pngen,1
1805,muntah,1
1806,semuanya,1
1807,kreatip.memalukab,1
1808,begonya,1
1809,apanya,1
1810,liriknya,1
1811,tentang,1
1812,percintaan,1
1813,Gapunya,1
1814,dipermasalahin,1
1815,nadanya,1
1816,anggel,1
1817,pietrs,1
1818,bocah,1
1819,jes,1
1820,terxta,1
1821,ayuting2,1
1822,Hidupmu,1
1823,MURAHAN,1
1824,gateeel,1
1825,jessica,1
1826,dimusuhin,1
1827,deddy,1
1828,corbuzier,1
1829,semenjak,1
1830,diundang,1
1831,belakang,1
1832,panggung,1
1833,memalukan,1
1834,buk,1
1835,ibuk,1
1836,wkwkwkwkwk,1
1837,awas,1
1838,dimasukin,1
1839,Kerdus,1
1840,makanannya,1
1841,TAI,1
1842,gedein,1
1843,pupuk,1
1844,jngan,1
1845,bacot,1
1846,knpa,1
1847,suku,1
1848,LAH,1
1849,ELO,1
1850,PAPAN,1
1851,BLENYEK,1
1852,BELAGU,1
1853,AMAT,1
1854,KGA,1
1855,POPULER,1
1856,SEKALU,1
1857,HAHAHA,1
1858,ANANG,1
1859,MUKA,1
1860,KAYA,1
1861,BABIII,1
1862,GITU,1
1863,DEMENIN,1
1864,JIJIKK,1
1865,separah,1
1866,ngejudge,1
1867,HATI,1
1868,OTAK,1
1869,kekurangan,1
1870,seenak,1
1871,menjudge,1
1872,SEMPURNA,1
1873,dipanggil,1
1874,sndr,1
1875,menzolimi,1
1876,diam2.kacian,1
1877,tw,1
1878,keduanya,1
1879,hadeh,1
1880,manggil,1
1881,bwt,1
1882,bodo,1
1883,Biadab,1
1884,mampusin,1
1885,by,1
1886,lemah,1
1887,cowok2,1
1888,casing,1
1889,doank,1
1890,nyali,1
1891,lebih2,1
1892,perusahan,1
1893,produk,1
1894,mengiklan,1
1895,tambahkan,1
1896,tambah,1
1897,sedap,1
1898,menyudutkan,1
1899,kebodohan,1
1900,gangguan,1
1901,ngemil,1
1902,justiceformicin,1
1903,Wahh,1
1904,jngn2,1
1905,Vidio,1
1906,bngtt,1
1907,seorang,1
1908,ayuu,1
1909,murahaan,1
1910,Editan,1
1911,mommy,1
1912,lambe,1
1913,kehabisan,1
1914,gosib,1
1915,admin,1
1916,termasuk,1
1917,golongan,1
1918,pengonsumsi,1
1919,pil,1
1920,pcc,1
1921,prcya,1
1922,slgkuh,1
1923,rafi.buktinya,1
1924,rafi,1
1925,baek2,1
1926,ktamu,1
1927,SUAMI,1
1928,Siapa,1
1929,woyy,1
1930,pke,1
1931,mkanya,1
1932,hoy,1
1933,barisan,1
1934,jijikk,1
1935,ALHAMDULILLAH,1
1936,manusiaa,1
1937,ituu,1
1938,ditunggu,1
1939,akhiry,1
1940,kobil,1
1941,v,1
1942,KAMU,1
1943,BABANG,1
1944,ANTHONY,1
1945,TERUS,1
1946,KALIAN,1
1947,AWALNYA,1
1948,KETEMU,1
1949,DIMANA,1
1950,SINET,1
1951,BOY,1
1952,ALAH,1
1953,NGAKU,1
1954,AJAAA,1
1955,BERARTI,1
1956,DUMANG,1
1957,SOK2,1
1958,ITU,1
1959,NAMANYA,1
1960,PEMBODOHAN,1
1961,WAJAR,1
1962,DONG,1
1963,NETIZEN,1
1964,KENYATAAN,1
1965,EMANG,1
1966,MARAH,1
1967,RESIKO,1
1968,JADI,1
1969,HAHAHHAA,1
1970,PINTER2,1
1971,MAU,1
1972,CARI,1
1973,ALASAN,1
1974,HAHAHAHAHA,1
1975,Noh,1
1976,urus,1
1977,nempel2,1
1978,gundik,1
1979,begtu,1
1980,ANAK,1
1981,SHOLEHAH,1
1982,TAPI,1
1983,MATA,1
1984,KULIAH,1
1985,CMA,1
1986,DPT,1
1987,TPI,1
1988,HAMIL,1
1989,LUAR,1
1990,gesek,1
1991,grepe,1
1992,please,1
1993,hukuman,1
1994,recut,1
1995,sahabat,1
1996,menjalani,1
1997,sanksi,1
1998,sosialnya,1
1999,mesti,1
2000,musnah,1
2001,sem,1
2002,NAJIS,1
2003,INI,1
2004,BARU,1
2005,MUAKK,1
2006,MENJIJIKAN,1
2007,pelakor2,1
2008,kena,1
2009,meninggalkan,1
2010,bwrjuang,1
2011,nol,1
2012,selingkuh,1
2013,penguasa,1
2014,Sedih,1
2015,ngamen,1
2016,kawinan,1
2017,bhay,1
2018,botakbego,1
2019,heeehh,1
2020,pelakornya,1
2021,yaaaakkk,1
2022,Ngapa,1
2023,emosi,1
2024,Situuu,1
2025,Pantes,1
2026,Ngerebut,1
2027,diem2,1
2028,keceplosan,1
2029,Ngakak,1
2030,gueeee,1
2031,dhajatan,1
2032,wakakak,1
2033,gituu,1
2034,pembelajaran,1
2035,hancuuurr,1
2036,bookk,1
2037,bohong,1
2038,kismin,1
2039,nyungsep,1
2040,ngatur,1
2041,tuha,1
2042,cwenya,1
2043,cwonya,1
2044,Atau,1
2045,macho,1
2046,plus,1
2047,Kayanya,1
2048,jago,1
2049,gombal,1
2050,maennya,1
2051,gesit,1
2052,Ulala,1
2053,ngakakabis,1
2054,Ngapain,1
2055,artinya,1
2056,menghujat,1
2057,berpengaruh,1
2058,prasangka,1
2059,elu.elu,1
2060,titisan,1
2061,dajjal,1
2062,kosong,1
2063,ye,1
2064,Nabi,1
2065,Muhammad,1
2066,ditunjukkin,1
2067,4,1
2068,Mata,1
2069,sepet,1
2070,koment,1
2071,ubul,1
2072,empang,1
2073,minggir,1
2074,woy,1
2075,amis,1
2076,sumpah.soal,1
2077,kah,1
2078,Males,1
2079,jwbnya,1
2080,bunting,1
2081,akuin,1
2082,nongol,1
2083,bilqis,1
2084,cantek,1
2085,ngeposting,1
2086,Najonggg,1
2087,betoll,1
2088,Dah,1
2089,pede,1
2090,jatohnya,1
2091,bebas,1
2092,slingkuh,1
2093,pala,1
2094,bau,1
2095,menyan,1
2096,Gada,1
2097,Kebanyakan,1
2098,Sebenarnye,1
2099,GATEEEEL,1
2100,hahah,1
2101,pantesan,1
2102,tongtong,1
2103,dipertemukan,1
2104,alam,1
2105,klw,1
2106,cerminan,1
2107,nah,1
2108,entong,1
2109,bekaca,1
2110,teryata,1
2111,pertahankan,1
2112,guatelnye,1
2113,hah,1
2114,oalaahhh,1
2115,kucing,1
2116,ikan,1
2117,gratis,1
2118,kga,1
2119,nolak,1
2120,wkwkkwkw,1
2121,Begitulah,1
2122,sis,1
2123,pecun2,1
2124,Enji2,1
2125,downgrade,1
2126,pedangdut,1
2127,ehh,1
2128,pecun,1
2129,seleramu,1
2130,Motorninja,1
2131,mobil,1
2132,lamborgini,1
2133,wae,1
2134,GoBlOk,1
2135,berkali≤,1
2136,kaget,1
2137,usa,1
2138,bls,1
2139,Oh,1
2140,kemaren,1
2141,TIDAK,1
2142,MENGHARGAI,1
2143,KARYA,1
2144,DAN,1
2145,SEENAKNYA,1
2146,JELEK,1
2147,Aduh,1
2148,penganten,1
2149,KEKENYANGAN,1
2150,Ampe,1
2151,kembung,1
2152,perut,1
2153,pepuraLuGU,1
2154,Raffi,1
2155,sehingga,1
2156,peserta,1
2157,kesini,1
2158,penonton,1
2159,bodohin,1
2160,tertuju,1
2161,kasihan,1
2162,penghujad,1
2163,pesbukers,1
2164,ngeluarkn,1
2165,album,1
2166,halan,1
2167,keluar,1
2168,nengri,1
2169,yoo,1
2170,gimmick,1
2171,rating,1
2172,popularitas,1
2173,taruhin,1
2174,oleh,1
2175,diemvang,1
2176,dilapak,1
2177,najiiisss,1
2178,ajaaa,1
2179,hahahahaha,1
2180,teriak,1
2181,buuuuuk,1
2182,IYAK,1
2183,KAA,1
2184,HAHAHAHAH,1
2185,geli,1
2186,gasih,1
2187,JOGETNYA,1
2188,BIKIN,1
2189,NGAKAKKK,1
2190,ANJIRRRR,1
2191,KAMPUNGAN,1
2192,tong,1
2193,ngasih,1
2194,dugem,1
2195,-_-,1
2196,jamin,1
2197,dijaman,1
2198,Selagi,1
2199,ngerugiin,1
2200,yaudah,1
2201,Sewot,1
2202,jahiliyah,1
2203,Lesbi,1
2204,bencana,1
2205,slnya,1
2206,misahin,1
2207,ktakutan,1
2208,bp,1
2209,prnh,1
2210,nuntut,1
2211,memeluk,1
2212,nikmat,1
2213,3,1
2214,begajulan,1
2215,Komen,1
2216,celebgram,1
2217,bedanya,1
2218,selebgra,1
2219,hahahaaaa,1
2220,PAke,1
2221,gerak,1
2222,gerik,1
2223,melambay,1
2224,ngondek,1
2225,nyaman,1
2226,Mana,1
2227,maklumin,1
2228,shaaay,1
2229,Fans,1
2230,gatis,1
2231,bebel,1
2232,realita,1
2233,terima,1
2234,Seperti,1
2235,halnya,1
2236,rapi,1
2237,jadiin,1
2238,PH,1
2239,.bee,1
2240,idih,1
2241,najong,1
2242,tag2,1
2243,Nimbrung,1
2244,mujaer,1
2245,maksud,1
2246,klu,1
2247,MUNAFIK,1
2248,Jedar,1
2249,dibelakang,1
2250,cucoklah,1
2251,DEH,1
2252,JAHAT,1
2253,PENJILAT,1
2254,PEMBOHONG,1
2255,org2,1
2256,jamela,1
2257,ting2,1
2258,ngikuti,1
2259,jejak,1
2260,Wkwkwk,1
2261,brhasil,1
2262,dapetin,1
2263,botak,1
2264,mnceraikan,1
2265,hdp,1
2266,mkin,1
2267,anjlok,1
2268,sring,1
2269,jelong2,1
2270,kluarnegri,1
2271,Hahhahaha,1
2272,sesungguhnya,1
2273,melaknat,1
2274,pezina,1
2275,oranglain,1
2276,hemmmm,1
2277,capekmiskin,1
2278,blik,1
2279,nyonya,1
2280,bantuin,1
2281,jualan,1
2282,cilok,1
2283,untunnya,1
2284,liburan,1
2285,monaco,1
2286,bromo,1
2287,Kepo,1
2288,peak,1
2289,dinikahin,1
2290,Brojol,1
2291,br,1
2292,sirih,1
2293,EMNG,1
2294,LONTEEEEE,1
2295,jamahliur,1
2296,junjungan,1
2297,cba,1
2298,duluan,1
2299,gembar,1
2300,gembor,1
2301,adakah,1
2302,perek,1
2303,tiba,1
2304,brojol,1
2305,siri,1
2306,hamidun,1
2307,sapeak,1
2308,ilegal,1
2309,dibilng,1
2310,FITNA,1
2311,KEJI,1
2312,menolak,1
2313,lupa,1
2314,xixix,1
2315,currr,1
2316,rampas,1
2317,hancur,1
2318,Dani,1
2319,aduha,1
2320,be,1
2321,bela2,1
2322,Guoblok,1
2323,pelihara,1
2324,muljamban,1
2325,account,1
2326,nyinyirnya,1
2327,Sekarang,1
2328,balik,1
2329,Yaela,1
2330,stu,1
2331,bner,1
2332,Gag,1
2333,ngrusak,1
2334,kbhagian,1
2335,klwrga,1
2336,prtahanin,1
2337,Banyak,1
2338,doyan,1
2339,kawinin,1
2340,pengguna,1
2341,bunyi,1
2342,masi,1
2343,Sholat,1
2344,dandanan,1
2345,kerdus+bodoh,1
2346,bilangin,1
2347,kerdungab,1
2348,Besok,1
2349,salmon,1
2350,mampu,1
2351,deliv,1
2352,rumahmu,1
2353,Maaf,1
2354,",spesialis",1
2355,",dan",1
2356,sekolahin,1
2357,resiko,1
2358,upload,1
2359,sesuatu,1
2360,perbincangan,1
2361,public,1
2362,figure,1
2363,Iyaaa,1
2364,pacaran,1
2365,seNORAK,1
2366,eloo,1
2367,risih,1
2368,aplod,1
2369,Perhatiin,1
2370,followers,1
2371,tar,1
2372,kebawa,1
2373,pnyanyi,1
2374,BACOTNYA,1
2375,kmpungan,1
2376,bool,1
2377,Waaaaoooo,1
2378,bahasami,1
2379,menunjukkan,1
2380,kelasmu,1
2381,Heeeehh,1
2382,repot,1
2383,siapahh,1
2384,Elu,1
2385,nampilin,1
2386,hal2,1
2387,nggilanikk,1
2388,mw,1
2389,videoin,1
2390,nambah,1
2391,niy,1
2392,attutude,1
2393,malunya.kl,1
2394,terserah,1
2395,simpan,1
2396,fotonya.gak,1
2397,dibagi,1
2398,kesemua,1
2399,orang.lah,1
2400,kemana,1
2401,resikolah,1
2402,dinyinyiri,1
2403,orang.Insecure,1
2404,kudu,1
2405,pamer2,1
2406,ngerti,1
2407,dipamer2,1
2408,pantatnya,1
2409,Kampung,1
2410,Koq,1
2411,sehhh,1
2412,gara2,1
2413,Katy,1
2414,Perry,1
2415,doangÖ,1
2416,Berita,1
2417,basi,1
2418,jingkrak2,1
2419,saring,1
2420,berita,1
2421,blunder,1
2422,videon,1
2423,arsya,1
2424,arsyi,1
2425,kelewat,1
2426,nelen,1
2427,apasih,1
2428,Apa,1
2429,kesurupan,1
2430,kagum,1
2431,deh.tapi,1
2432,kan.,1
2433,.hermansyah,1
2434,kutuk,1
2435,menimpa,1
2436,menggantikan,1
2437,adik,1
2438,nya.gemezzzzzzz,1
2439,se,1
2440,blow,1
2441,hadehh,1
2442,gunanya,1
2443,whatsapp,1
2444,sms,1
2445,or,1
2446,telp,1
2447,pantat,1
2448,ayam,1
2449,Wajah,1
2450,bulukan,1
2451,kentut,1
2452,perfectoooo,1
2453,Gagal,1
2454,koq,1
2455,dengernya,1
2456,Muljem,1
2457,blepotan,1
2458,idup,1
2459,kata2.bawa2,1
2460,Tuhan.kalau,1
2461,kepepet,1
2462,merusak,1
2463,org.ibarat,1
2464,merobohkan,1
2465,bangunan,1
2466,masjid,1
2467,nya.bayangin,1
2468,seberapa,1
2469,mu.nasi,1
2470,bubur,1
2471,moga,1
2472,dunia.,1
2473,Iyah,1
2474,Tidak,1
2475,Akan,1
2476,merubah,1
2477,Kita,1
2478,Terutama,1
2479,Setan,1
2480,Makanya,1
2481,mikirrrr,1
2482,majikan,1
2483,diembat,1
2484,Gilingan,1
2485,jalang,1
2486,sok2,1
2487,pahlawan,1
2488,kesiangan,1
2489,sekuter,1
2490,selpii,1
2491,dikira,1
2492,mulia,1
2493,dimata,1
2494,sejatinya,1
2495,berwujud,1
2496,",karna",1
2497,menggoda,1
2498,nyesel,1
2499,nimpuk,1
2500,telor,1
2501,ketawa,1
2502,bacanya,1
2503,terwakili,1
2504,buang2,1
2505,wktu,1
2506,mutu,1
2507,dng,1
2508,nyempet2in,1
2509,nuli,1
2510,spt,1
2511,ketularan,1
2512,Editanx,1
2513,paraaaahh,1
2514,laaah,1
2515,nyai,1
2516,ngedit2,1
2517,gn,1
2518,hahaa,1
2519,maluuu,1
2520,lecek,1
2521,bantet,1
2522,Gini,1
2523,ampuuun,1
2524,AN,1
2525,V,1
2526,pesbu,1
2527,r.,1
2528,Kasus,1
2529,bederet,1
2530,skandal,1
2531,bertubi2,1
2532,Gk,1
2533,tembok,1
2534,faedah,1
2535,kardus,1
2536,wey,1
2537,bedain,1
2538,vape,1
2539,shisha,1
2540,rokok,1
2541,ngerokok,1
2542,ulet,1
2543,kluget2,1
2544,hihihi,1
2545,sgitunya,1
2546,Jablay,1
2547,Murahan,1
2548,bangetttt,1
2549,najisss,1
2550,.alycia,1
2551,malulah,1
2552,papan,1
2553,wibawanya,1
2554,seharusnya,1
2555,berkomentar,1
2556,pembuka,1
2557,syurga,1
2558,penghalang,1
2559,api,1
2560,neraka,1
2561,bagi,1
2562,kedua,1
2563,tuanya,1
2564,Lagu,1
2565,barunya,1
2566,nyatanya,1
2567,rasanya,1
2568,get,1
2569,syukur,1
2570,baikan,1
2571,awet,1
2572,ketawa2,1
2573,iyalah,1
2574,disakiti,1
2575,berlarut2,1
2576,depresi,1
2577,serahin,1
2578,mski,1
2579,lagian,1
2580,senyum2,1
2581,senyumannya,1
2582,menetralisir,1
2583,kondisi,1
2584,terpuruk,1
2585,diimbangi,1
2586,raffi,1
2587,sakinnah,1
2588,warrahmah,1
2589,pihak2,1
2590,ingin,1
2591,Jodoh,1
2592,maut,1
2593,Amiin,1
2594,Jemima,1
2595,angkat,1
2596,eleeya,1
2597,dirly,1
2598,jemima,1
2599,panti,1
2600,asuhan,1
2601,rawat,1
2602,stefen,1
2603,menghabiskn,1
2604,wkwk.umurnya,1
2605,baby,1
2606,face,1
2607,Bersyukur.bonus,1
2608,celinenya,1
2609,mantannya,1
2610,begimane,1
2611,Dibawah,1
2612,ude,1
2613,pacran,1
2614,mcam,1
2615,Hiks,1
2616,Selepas,1
2617,susah,1
2618,mengambil,1
2619,keputusan,1
2620,Tipical,1
2621,tnggung,1
2622,jwabnya,1
2623,keenan,1
2624,berbahagia,1
2625,ngedapetin,1
2626,ngemong,1
2627,mature,1
2628,cukup,1
2629,banding,1
2630,mikirin,1
2631,Jd,1
2632,sepasang,1
2633,move,1
2634,on,1
2635,congratz,1
2636,sakinah,1
2637,mawadah,1
2638,meskipun,1
2639,syudah,1
2640,membuatnya,1
2641,simple,1
2642,mempesona,1
2643,klepek2,1
2644,ilmu,1
2645,kapanpun,1
2646,dimanapun,1
2647,berpendidikan,1
2648,Sukak,1
2649,kmauan,1
2650,blajarnya,1
2651,layak,1
2652,negri,1
2653,baktinya,1
2654,wilayah,1
2655,batman,1
2656,VA,1
2657,support,1
2658,pliis,1
2659,.salam,1
2660,seneng,1
2661,Sbagai,1
2662,saling,1
2663,ingetin.y,1
2664,sbagai,1
2665,hrs,1
2666,digedein,1
2667,cabut,1
2668,nnt,1
2669,sel,1
2670,kesederhanaannya,1
2671,Seorang,1
2672,embel,1
2673,gelar,1
2674,Proud,1
2675,God,1
2676,Amazing,1
2677,Miss,1
2678,National,1
2679,Costume,1
2680,budaya,1
2681,Ikut,1
2682,pastinya,1
2683,PROUD,1
2684,OF,1
2685,YOU,1
2686,KAK,1
2687,DEA,1
2688,Sangat,1
2689,patut,1
2690,dibanggakan,1
2691,pidatox,1
2692,pembawaanx,1
2693,bgtu,1
2694,elegan,1
2695,brwibawah,1
2696,pntas,1
2697,mmg,1
2698,mdptkan.salut,1
2699,semangat,1
2700,.m,1
2701,Nikmir,1
2702,muna,1
2703,image,1
2704,dpan,1
2705,teraniaya,1
2706,air,1
2707,Nikita,1
2708,real,1
2709,sygnya,1
2710,msyarakat,1
2711,cendrung,1
2712,superfisial,1
2713,bedak,1
2714,tebel,1
2715,bak,1
2716,tante2,1
2717,dampe,1
2718,h,1
2719,classy,1
2720,Lcb,1
2721,beuntung,1
2722,neng,1
2723,Sakina,1
2724,berseragam,1
2725,memiliki,1
2726,elok,1
2727,mahluk,1
2728,keluarga.ini,1
2729,banget.semoga,1
2730,SAMAWA,1
2731,Smoga,1
2732,Agus,1
2733,datang.salah,1
2734,Dear,1
2735,Bpk,1
2736,cra,1
2737,berpakain,1
2738,kepribadian,1
2739,sngt,1
2740,tetap,1
2741,mengagumi,1
2742,-,1
2743,Sukses,1
2744,senantiasa,1
2745,naungan,1
2746,panjang,1
2747,nek,1
2748,MashaAllahhh,1
2749,Terimakasih,1
2750,serta,1
2751,seluruh,1
2752,memilih,1
2753,Darmawangsa,1
2754,tempat,1
2755,Besar,1
2756,selaku,1
2757,bagian,1
2758,staff,1
2759,darmawangsa,1
2760,terkesan,1
2761,kedatangan,1
2762,rabbi,1
2763,Salam,1
2764,Dirgantara,1
2765,mendukung,1
2766,menyebarkan,1
2767,awareness,1
2768,terkait,1
2769,momen,1
2770,titik,1
2771,kebangkitan,1
2772,industri,1
2773,terbang,1
2774,kembali,1
2775,berjaya,1
2776,Bersama,1
2777,Eyang,1
2778,yuk,1
2779,satukan,1
2780,langkah,1
2781,terbangkan,1
2782,Caranya,1
2783,Langsung,1
2784,klik,1
2785,link,1
2786,bio,1
2787,habibie,1
2788,ambisinya,1
2789,kuat,1
2790,Kereeeennnnn,1
2791,penurus2,1
2792,Memiliki,1
2793,Cucu2,1
2794,merupakan,1
2795,kebahagian,1
2796,ternilai,1
2797,sbg,1
2798,penerus,1
2799,Wahhh,1
2800,Kerenn,1
2801,tempatnya,1
2802,Kapan,1
2803,kapan,1
2804,Bernostalgia,1
2805,bersmaa,1
2806,ganteng-ganteng,1
2807,Sekeluarga,1
2808,Barakallah,1
2809,sholeha,1
2810,kebanggaan,1
2811,kelg,1
2812,gembira,1
2813,ngangeni,1
2814,kadang,1
2815,keceriaan,1
2816,tengah,1
2817,pinternya,1
2818,ketulungan,1
2819,SBY,1
2820,Kontribusinya,1
2821,Luar,1
2822,kepada,1
2823,selama,1
2824,10,1
2825,Setiap,1
2826,membaca,1
2827,captionnya,1
2828,secara,1
2829,bahasa,1
2830,Inggris,1
2831,Secara,1
2832,personal,1
2833,mengenal,1
2834,Anie,1
2835,betapa,1
2836,bangganya,1
2837,Cucumu,1
2838,mandiri,1
2839,unggul,1
2840,Cinta,1
2841,Kasih,1
2842,engkau,1
2843,tebarkan,1
2844,Assalamualaikum,1
2845,banda,1
2846,Aceh,1
2847,membanggakan,1
2848,bila,1
2849,sikap,1
2850,bijaksana,1
2851,agus,1
2852,terlebih,1
2853,mencalonkan,1
2854,hangat,1
2855,perkenalan,1
2856,Darmanto,1
2857,Rapi,1
2858,photo,1
2859,studio,1
2860,senang,1
2861,sby,1
2862,menikmati,1
2863,brsama,1
2864,kisss,1
2865,mebangun,1
2866,jokowi,1
2867,itulohhh,1
2868,bangetsss,1
2869,Top,1
2870,gimick,1
2871,idupnya,1
2872,Tajir,1
2873,Sederhana,1
2874,sptnya,1
2875,siyok,1
2876,kejamnya,1
2877,per,1
2878,mudah2an,1
2879,Selalu,1
2880,gimmick2an,1
2881,blak2an,1
2882,pura2,1
2883,ajaran,1
2884,memberi,1
2885,senyum,1
2886,kepalsuan,1
2887,onoh,1
2888,noh,1
2889,lebar,1
2890,gorong2,1
2891,ngibul,1
2892,munfik,1
2893,wartawan,1
2894,jawabnya,1
2895,omongan,1
2896,balance,1
2897,head,1
2898,......,1
2899,Cuekin,1
2900,Pastilah,1
2901,bin,1
2902,anggep,1
2903,kuman,1
2904,dibikin,1
2905,kesenengan,1
2906,bahan,1
2907,ngetawain,1
2908,Betul,1
2909,Gagah,1
2910,borisq,1
2911,bc,1
2912,nmx,1
2913,bner2,1
2914,boris,1
2915,Weewww,1
2916,ak,1
2917,adat,1
2918,Syip,1
2919,pengantinya,1
2920,weding,1
2921,MasyaAllah,1
2922,Gileee,1
2923,suaraaanyaa,1
2924,kereen,1
2925,Kereeeeeeeeeeeeeeennn,1
2926,merinding,1
2927,brrrrr,1
2928,Yatuhan,1
2929,suaranyaaaaaaa,1
2930,bangetttttttt,1
2931,audisi,1
2932,bakatnya,1
2933,tersalurkan,1
2934,tampang,1
2935,Mendingan,1
2936,masnya,1
2937,Dgrin,1
2938,kuduk,1
2939,bgusnya,1
2940,apik,1
2941,Subhanallah,1
2942,tergetar,1
2943,Bagusss,1
2944,sekolahan,1
2945,usia,1
2946,Kerennnn,1
2947,polos,1
2948,gek,1
2949,selebgram,1
2950,kaya2,1
2951,Novilda,1
2952,kehilangan,1
2953,arah,1
2954,Tetaplah,1
2955,tumbuh,1
2956,asahlah,1
2957,both,1
2958,iniii,1
2959,pingin,1
2960,rambut,1
2961,alus2in,1
2962,Muka,1
2963,dl,1
2964,dikamera,1
2965,Kl,1
2966,lelahnya,1
2967,pulang,1
2968,Di,1
2969,ulang,1
2970,berkali,1
2971,sampet,1
2972,kidz,1
2973,niw,1
2974,sewajar,1
2975,aduhh,1
2976,kerennnn,1
2977,nge,1
2978,jazz2,1
2979,gimanaa,1
2980,ntr,1
2981,mengikuti,1
2982,skill,1
2983,nomer,1
2984,batu,1
2985,didengernya,1
2986,bosen,1
2987,puter,1
2988,ulang2,1
2989,lipsing2,1
2990,gajelas,1
2991,waduuhhh,1
2992,bangeeet,1
2993,dedek2,1
2994,emeesh,1
2995,bingits,1
2996,seandaix,1
2997,sprt,1
2998,kreativ,1
2999,dripda,1
3000,mesum,1
3001,ngelem,1
3002,dll,1
3003,berbau,1
3004,negativ,1
3005,Bagussss,1
3006,permak,1
3007,Kereeeeennnn,1
3008,nyanyinya,1
3009,Polossss,1
3010,kayaknya,1
3011,jossss,1
3012,Yesssssss,1
3013,diksh,1
3014,jempolllll,1
3015,Wajah2,1
3016,skul,1
3017,yaakk,1
3018,mase,1
3019,palg,1
3020,bando,1
3021,mantap,1
3022,dasarnya,1
3023,tinggal,1
3024,poles,1
3025,bersinar,1
3026,Pembagian,1
3027,pecah,1
3028,suaranya.tinggal,1
3029,tmbh,1
3030,cantik.viralkann,1
3031,Kereeeennnnnn,1
3032,suaranyaaahh,1
3033,okkeehh,1
3034,ketjeeehh,1
3035,badaaiik,1
3036,ughllaaaallaa,1
3037,Yes,1
3038,kirain,1
3039,lypsinc,1
3040,habisnya,1
3041,dua2nya,1
3042,bareng,1
3043,kereennn,1
3044,cemerlang,1
3045,kids,1
3046,mrinding,1
3047,poll,1
3048,kepolosannya,1
3049,jng,1
3050,smpek,1
3051,aw2,1
3052,dkk,1
3053,sumpaah,1
3054,kebangetan,1
3055,bagusnya,1
3056,lakikny,1
3057,Mungil,1
3058,keliatannya,1
3059,Haaaaaaa,1
3060,slluÖ,1
3061,kandungannya,1
3062,rininya,1
3063,proses,1
3064,jugak,1
3065,akhirnya,1
3066,Sandra,1
3067,kehamilannya,1
3068,fit,1
3069,prosesi,1
3070,ikutan,1
3071,sukakkk,1
3072,couple,1
3073,infotainment,1
3074,sebelum,1
3075,persiapannya,1
3076,jelang,1
3077,sandra,1
3078,prepare,1
3079,program2,1
3080,but,1
3081,finally,1
3082,congrats,1
3083,ter-humble,1
3084,ter-sempurna,1
3085,ter-sederhana,1
3086,pnah,1
3087,manja,1
3088,secantik,1
3089,kaguminn,1
3090,Nikah,1
3091,mengutamakan,1
3092,hiburan,1
3093,artisann,1
3094,tajirrr,1
3095,mampuss,1
3096,Plus,1
3097,alayy,1
3098,aneh2,1
3099,Salutt,1
3100,niaa,1
3101,Smiga,1
3102,famzz,1
3103,Nia,1
3104,sinteronnya,1
3105,soal,1
3106,itungannya,1
3107,2-3,1
3108,t,1
3109,Smnjk,1
3110,auranya,1
3111,keluarr,1
3112,tulusss,1
3113,Mngkin,1
3114,marah2,1
3115,ad,1
3116,kata2,1
3117,enk,1
3118,sgala,1
3119,Kan,1
3120,bgus,1
3121,Pinter2,1
3122,mnyikapi,1
3123,jagain,1
3124,Ariel,1
3125,menarik,1
3126,skrang,1
3127,agak,1
3128,keriput,1
3129,Buktinya,1
3130,mama,1
3131,tergila2,1
3132,sa,1
3133,Saling,1
3134,menghargailah,1
3135,tulisan,1
3136,ditulis,1
3137,berguna,1
3138,menyakiti,1
3139,sebaiknya,1
3140,tulis,1
3141,Pergunakan,1
3142,smart,1
3143,guys,1
3144,bergaya,1
3145,lgu,1
3146,bangat,1
3147,emasnya.jadi,1
3148,salpok,1
3149,diemasnya.tp,1
3150,music,1
3151,bngat.apalagi,1
3152,konsep,1
3153,mv,1
3154,handel.kan,1
3155,saya.kalo,1
3156,denada,1
3157,taro,1
3158,kutang,1
3159,minim,1
3160,perestasi.tp,1
3161,wajar.prestasi,1
3162,fashion,1
3163,unggul.krn,1
3164,kritik2,1
3165,kritik,1
3166,Pada,1
3167,kira,1
3168,pendek,1
3169,.Butuh,1
3170,international.Jangan,1
3171,inginkan,1
3172,kaliam,1
3173,international,1
3174,asyik,1
3175,Bandingin,1
3176,Internasional,1
3177,ngena,1
3178,seru,1
3179,didenger,1
3180,.......,1
3181,tumben,1
3182,bumbu,1
3183,Indonesianya,1
3184,Batik,1
3185,superman,1
3186,Sumpah,1
3187,dengernyaa,1
3188,Enak,1
3189,lagu2,1
3190,dialbumnya,1
3191,inih,1
3192,beautiful,1
3193,mistake,1
3194,Mantap,1
3195,.gw,1
3196,agnes.karena,1
3197,bertalenta,1
3198,.dan,1
3199,kayaan,1
3200,ygblain.gw,1
3201,pamer.keren,1
3202,musik,1
3203,lagii,1
3204,lhatt,1
3205,dance,1
3206,nyamaann,1
3207,kayaa,1
3208,Asik,1
3209,bgts,1
3210,dancenya,1
3211,mancappppp,1
3212,Kenceng,1
3213,diragukan.semoga,1
3214,Awet,1
3215,kalah,1
3216,pendatang,1
3217,yesss,1
3218,cuco,1
3219,unchhh,1
3220,lope,1
3221,keliahatannya,1
3222,Soal,1
3223,ijk,1
3224,matre,1
3225,doi,1
3226,diajak,1
3227,merit,1
3228,tetangga,1
3229,sblh,1
3230,matrenya,1
3231,embat,1
3232,duda,1
3233,singgel,1
3234,luck,1
3235,persil,1
3236,Muantepp,1
3237,menempuh,1
3238,mg,1
3239,tanggax,1
3240,bhagia,1
3241,selladem,1
3242,Mb,1
3243,yo,1
3244,masny.mb,1
3245,saiful,1
3246,smpe2,1
3247,blng,1
3248,pembntuny,1
3249,gapapala,1
3250,ktny,1
3251,pgn,1
3252,ktmu,1
3253,dijambi,1
3254,menyakitkan,1
3255,tenang,1
3256,jalanin,1
3257,andah,1
3258,biasanya,1
3259,hatimu,1
3260,Cakep,1
3261,persik,1
3262,ganti,1
3263,Beruntungnya,1
3264,Bella,1
3265,Orang2,1
3266,diceramahin,1
3267,Beginilah,1
3268,normal,1
3269,Romantisme,1
3270,diumbar,1
3271,kemesraan,1
3272,iti,1
3273,menutupi,1
3274,Naksir,1
3275,Ama,1
3276,ceweknya,1
3277,kyanya,1
3278,Kya,1
3279,bolu,1
3280,Cewex,1
3281,cntik,1
3282,Cowox,1
3283,Mmmmhh,1
3284,power,1
3285,tajir,1
3286,Emran,1
3287,engku,1
3288,emran,1
3289,anteng,1
3290,penyanyang,1
3291,cute,1
3292,dech,1
3293,cakepan,1
3294,ciwik,1
3295,cakep2,1
3296,Ka,1
3297,cantiikk,1
3298,bangett,1
3299,aslii,1
3300,Angguunn,1
3301,euum,1
3302,sekaliii,1
3303,cantikan,1
3304,sebelumnya,1
3305,WOW,1
3306,terpelihara,1
3307,Cantiik,1
3308,Maudy,1
3309,Kusnaedi,1
3310,jodohmu,1
3311,jalanNya,1
3312,kebetulan,1
3313,ngikutin,1
3314,sambil,1
3315,nunjuk,1
3316,nntn,1
3317,meluk,1
3318,erat,1
3319,backstage,1
3320,stlh,1
3321,lolos,1
3322,Keliatan,1
3323,gentle,1
3324,tulus,1
3325,penyayang,1
3326,maha,1
3327,pembolak-balik,1
3328,Mei,1
3329,sept,1
3330,dipasangin,1
3331,Des,1
3332,jan,1
3333,april,1
3334,ngelamar,1
3335,tunangan,1
3336,works,1
3337,many,1
3338,ways,1
3339,'s,1
3340,is,1
3341,than,1
3342,our,1
3343,Jevin,1
3344,dulunya,1
3345,berfikiran,1
3346,30,1
3347,sangka,1
3348,25,1
3349,ngajakin,1
3350,wedding,1
3351,soundwave,1
3352,Bahagia,1
3353,mengartikan,1
3354,jodoh.cantik,1
3355,lahir,1
3356,batin,1
3357,perpisahanlah,1
3358,Pingkan,1
3359,bindeng2,1
3360,berciri,1
3361,khas,1
3362,merem,1
3363,denger,1
3364,tauk,1
3365,Hatinya,1
3366,terbuat,1
3367,Mbaa,1
3368,berhati,1
3369,luarbiasanya,1
3370,Cobaa,1
3371,sebutin,1
3372,heternya,1
3373,mbaa,1
3374,duhh,1
3375,sifatnyaaaaaaaaaaa,1
3376,ternyata,1
3377,1996,1
3378,alhamdulillahhh,1
3379,ngepost,1
3380,ayangnya,1
3381,biarin,1
3382,damai,1
3383,seisi,1
3384,masing2,1
3385,PHO,1
3386,Happy,1
3387,day,1
3388,murid2ku,1
3389,ngajar,1
3390,internasional,1
3391,mihil,1
3392,Anaknya,1
3393,cantik2,1
3394,Seluruh,1
3395,sepupunya,1
3396,masuknya,1
3397,70,1
3398,jtan,1
3399,lbh/siswa,1
3400,G,1
3401,sholehah,1
3402,berdasarkan,1
3403,diutamakan,1
3404,laki2nya,1
3405,raya,1
3406,nikahin,1
3407,geulis,1
3408,duuuhhhh,1
3409,jodohnya,1
3410,Teeeh,1
3411,Ameeel,1
3412,bank,1
3413,tentengannya,1
3414,hihiii,1
3415,Nanya,1
3416,Amelnya,1
3417,pindah,1
3418,Sehat2,1
3419,Annabel,1
3420,Ambil,1
3421,nani,1
3422,menjalankan,1
3423,cerai,1
3424,didoakan,1
3425,heheu,1
3426,Alesha,1
3427,dilindungi,1
3428,aamiin,1
3429,yra,1
3430,nak,1
3431,bsok,1
3432,bangun,1
3433,gedenya,1
3434,Fahri,1
3435,mnta,1
3436,doanya,1
3437,melahirkan,1
3438,Aamiin,1
3439,Waaah,1
3440,Hamil,1
3441,cew,1
3442,yeee,1
3443,debay,1
3444,acha,1
3445,segerakan,1
3446,Gemulai'nya,1
3447,Momo,1
3448,Bak,1
3449,Putri,1
3450,keraton,1
3451,Jawa,1
3452,bersatu,1
3453,selama'nya,1
3454,Maut,1
3455,memisah'kan,1
3456,Gbu,1
3457,Berasa,1
3458,manggung,1
3459,kk,1
3460,Ada,1
3461,Princess,1
3462,Kecil,1
3463,MoMo,1
3464,prince,1
3465,waaahhh,1
3466,sigit,1
3467,humble,1
3468,orgnya,1
3469,recomend,1
3470,kehamilan,1
3471,Slalu,1
3472,belain/support,1
3473,Mskipun,1
3474,kndung,1
3475,berhak,1
3476,Asal,1
3477,mrugikan,1
3478,ataupun,1
3479,ornglain,1
3480,berlebihan,1
3481,Apalagi,1
3482,Kliatan,1
3483,cantiiik,1
3484,ashanti,1
3485,mskipun,1
3486,sellu,1
3487,plingbdpan,1
3488,mmbela,1
3489,pra,1
3490,hatters,1
3491,ashanty,1
3492,segitu,1
3493,sayangnya,1
3494,bidadari,1
3495,trdpan,1
3496,mngalahin,1
3497,sndri,1
3498,cma,1
3499,Diam,1
3500,ajj,1
3501,bt,1
3502,pa,1
3503,slah,1
3504,dya,1
3505,Dya,1
3506,sgla,1
3507,nyinyiir,1
3508,mslh,1
3509,pnampilan,1
3510,brarti,1
3511,tuuh,1
3512,bsa,1
3513,baek,1
3514,bgs,1
3515,nyinyiiir,1
3516,terhebat,1
3517,Ntr,1
3518,palingan,1
3519,20an,1
3520,.skrg,1
3521,paksa,1
3522,.cm,1
3523,menjelek,1
3524,jelekannya,1
3525,tente,1
3526,difoto,1
3527,nampak,1
3528,putib,1
3529,bilangnya,1
3530,suntik,1
3531,dibilang,1
3532,ra,1
3533,Astagfirullah,1
3534,ucapannya,1
3535,ALLAH,1
3536,menciptakan,1
3537,ngomongnya,1
3538,kekurangannya,1
3539,belain,1
3540,caper,1
3541,sia,1
3542,kejadian,1
3543,pipi,1
3544,mimi,1
3545,strong,1
3546,iri,1
3547,bundanya,1
3548,Ash,1
3549,Hati2,1
3550,Bayangin,1
3551,anakmu,1
3552,managernya,1
3553,amiiii,1
3554,banggeett,1
3555,gadis,1
3556,wajah,1
3557,H,1
3558,aammiinnn,1
3559,Dadddd,1
3560,papa-papa,1
3561,anak-anaknya,1
3562,AAMIIN,1
3563,ayahnya,1
3564,lekas,1
3565,ditemukan,1
3566,keadaan,1
3567,suatu,1
3568,nikahannya,1
3569,berlarut,1
3570,tirinya,1
3571,melarang,1
3572,sibapak,1
3573,berrti,1
3574,mengingatkan,1
3575,Yea,1
3576,polisinya,1
3577,hahahaha,1
3578,belok,1
3579,SIM,1
3580,nembak,1
3581,rambu2,1
3582,surat,1
3583,perintah,1
3584,digeledah,1
3585,baguass,1
3586,abbey,1
3587,artika,1
3588,sari,1
3589,disesemall,1
3590,Jakarta,1
3591,ampunnn,1
3592,ayunee,1
3593,semampai,1
3594,murah,1
3595,senyummm,1
3596,pisan,1
3597,Bener,1
3598,Yess,1
3599,Buah,1
3600,Jatuh,1
3601,PohoN,1
3602,Mama_Nya,1
3603,Suara,1
3604,darah,1
3605,seni,1
3606,Papa,1
3607,Bahagianya,1
3608,bersyukur,1
3609,titipan,1
3610,demikian,1
3611,indah,1
3612,berlimpaah,1
3613,dimurahkan,1
3614,rejekinya,1
3615,Pak,1
3616,Pria,1
3617,pekerja,1
3618,pilih-pilih,1
3619,nafkah,1
3620,sedikit,1
3621,kebalikan,1
3622,Mentang2,1
3623,nganggur,1
3624,ketimbang,1
3625,ojol,1
3626,diselingkuhin,1
3627,Baik,1
3628,maunya,1
3629,Doa,1
3630,menyertaimu,1
3631,PERLU,1
3632,otomatis,1
3633,Beda,1
3634,sesederhana,1
3635,merasa,1
3636,berkenan,1
3637,menggunakan,1
3638,kekerasan,1
3639,Banting,1
3640,tulang,1
3641,menghidupi,1
3642,keluarga.yg,1
3643,duduk,1
3644,bangku,1
3645,empuk,1
3646,AC,1
3647,merampok.yg,1
3648,jelata,1
3649,smg,1
3650,mudahkan,1
3651,sy,1
3652,srg,1
3653,nlp,1
3654,nanyain,1
3655,sempet,1
3656,hujan2an,1
3657,panas2an,1
3658,penh,1
3659,mengeluh,1
3660,menyempatkan,1
3661,keep,1
3662,touch,1
3663,sela2,1
3664,kesibukannya,1
3665,ms,1
3666,mendoakan,1
3667,Respect,1
3668,dirumah,1
3669,Laki-laki,1
3670,unt,1
3671,insyaallah,1
3672,disangka-sangka,1
3673,akherat,1
3674,amiin,1
3675,disela,1
3676,waktunya,1
3677,profesimu,1
3678,Kaulah,1
3679,juaranya,1
3680,lacar,1
3681,Amiiin,1
3682,Apaoun,1
3683,pekerjaannya,1
3684,halal,1
3685,u,1
3686,tuk,1
3687,menafkahi,1
3688,Gojek,1
3689,mayoritas,1
3690,pegangguran,1
3691,hampir,1
3692,asaa,1
3693,tibatiba,1
3694,ijasah,1
3695,terakhir,1
3696,membantu,1
3697,bertemu,1
3698,mantan2,1
3699,hhe,1
3700,nimbrung,1
3701,dibuat,1
3702,senatural,1
3703,wa,1
3704,seumuran,1
3705,tuaan,1
3706,alhamdulillah,1
3707,kekanak,1
3708,kanakan,1
